NCES District ID,State District ID,District Name,County Name*,Street Address,City,State,ZIP,ZIP 4-digit,Phone,Students*,Teachers*,Schools,Locale Code*,Locale*,Student Teacher Ratio*,Type,Status
5300030,WA-14005,Aberdeen School District,Grays Harbor County,216 N G ST,ABERDEEN,WA,98520,5297,(360)538-2000,3304.00000,204.29000,13.00000,33,Town: Remote,16.17000000,Regular Local,Open
5300060,WA-21226,Adna School District,Lewis County,PO BOX 118,ADNA,WA,98522,0118,(360)748-0362,648.00000,36.84000,2.00000,42,Rural: Distant,17.59000000,Regular Local,Open
5300090,WA-22017,Almira School District,Lincoln County,PO BOX 217,ALMIRA,WA,99103,0217,(509)639-2414,144.00000,10.68000,1.00000,43,Rural: Remote,13.48000000,Regular Local,Open
5300150,WA-29103,Anacortes School District,Skagit County,2200 M AVE,ANACORTES,WA,98221,3794,(360)503-1200,2606.00000,143.74000,8.00000,31,Town: Fringe,18.13000000,Regular Local,Open
5300240,WA-31016,Arlington School District,Snohomish County,315 N FRENCH AVE,ARLINGTON,WA,98223,1317,(360)618-6203,5506.00000,312.50000,11.00000,22,Suburb: Midsize,17.62000000,Regular Local,Open
5300280,WA-02420,Asotin-Anatone School District,Asotin County,PO BOX 489,ASOTIN,WA,99402,0489,(509)243-1100,614.00000,39.40000,2.00000,23,Suburb: Small,15.58000000,Regular Local,Open
5300300,WA-17408,Auburn School District,King County,915 4TH ST NE,AUBURN,WA,98002,4452,(253)931-4900,17857.00000,1054.72000,26.00000,13,City: Small,16.93000000,Regular Local,Open
5300330,WA-18303,Bainbridge Island School District,Kitsap County,8489 MADISON AVE NE,BAINBRIDGE ISLAND,WA,98110,2999,(206)842-4714,3594.00000,202.36000,10.00000,22,Suburb: Midsize,17.76000000,Regular Local,Open
5300014,WA-27931,Bates Technical College,Pierce County,1101 South Yakima Ave.,Tacoma,WA,98405,,(253)680-7000,0.00000,0.00000,2.00000,12,City: Midsize,†,Other,Open
5300380,WA-06119,Battle Ground School District,Clark County,PO BOX 200,BATTLE GROUND,WA,98604,0200,(360)885-5300,12393.00000,699.61000,22.00000,21,Suburb: Large,17.71000000,Regular Local,Open
5300390,WA-17405,Bellevue School District,King County,PO BOX 90010,BELLEVUE,WA,98005,3183,(425)456-4000,19089.00000,1057.60000,30.00000,12,City: Midsize,18.05000000,Regular Local,Open
5300420,WA-37501,Bellingham School District,Whatcom County,1306 DUPONT ST,BELLINGHAM,WA,98225,3118,(360)676-6400,11614.00000,705.48000,25.00000,13,City: Small,16.46000000,Regular Local,Open
5300450,WA-01122,Benge School District,Adams County,2978 E BENGE WINONA RD,BENGE,WA,99105,9705,(509)887-2370,5.00000,2.00000,1.00000,43,Rural: Remote,2.50000000,Regular Local,Open
5300480,WA-27403,Bethel School District,Pierce County,516 176th St E,Spanaway,WA,98387,,(253)800-6000,21156.00000,1139.88000,39.00000,21,Suburb: Large,18.56000000,Regular Local,Open
5300510,WA-20203,Bickleton School District,Klickitat County,3626 Bickleton Highway,Bickleton,WA,99322,,(509)896-5473,104.00000,12.00000,1.00000,43,Rural: Remote,8.67000000,Regular Local,Open
5300570,WA-37503,Blaine School District,Whatcom County,765 H Street,BLAINE,WA,98230,,(360)332-5881,2081.00000,130.72000,7.00000,31,Town: Fringe,15.92000000,Regular Local,Open
5300630,WA-21234,Boistfort School District,Lewis County,983 BOISTFORT RD,CURTIS,WA,98538,9734,(360)245-3343,86.00000,4.44000,2.00000,42,Rural: Distant,19.37000000,Regular Local,Open
5300660,WA-18100,Bremerton School District,Kitsap County,134 MARION AVE N,BREMERTON,WA,98312,3542,(360)473-1034,4383.00000,303.48000,13.00000,13,City: Small,14.44000000,Regular Local,Open
5300690,WA-24111,Brewster School District,Okanogan County,P.O. Box 97,Brewster,WA,98812,,(509)689-3418,1012.00000,58.08000,4.00000,43,Rural: Remote,17.42000000,Regular Local,Open
5300720,WA-09075,Bridgeport School District,Douglas County,PO BOX 1060,BRIDGEPORT,WA,98813,1060,(509)686-5656,776.00000,49.75000,4.00000,43,Rural: Remote,15.60000000,Regular Local,Open
5300750,WA-16046,Brinnon School District,Jefferson County,46 SCHOOLHOUSE RD,BRINNON,WA,98320,9651,(360)680-1107,74.00000,5.71000,1.00000,41,Rural: Fringe,12.96000000,Regular Local,Open
5300780,WA-29100,Burlington-Edison School District,Skagit County,927 E FAIRHAVEN AVE,BURLINGTON,WA,98233,1900,(360)757-3311,3351.00000,219.52000,9.00000,23,Suburb: Small,15.27000000,Regular Local,Open
5300810,WA-06117,Camas School District,Clark County,841 NE 22nd AVE,CAMAS,WA,98607,1148,(360)335-3000,7324.00000,410.40000,16.00000,21,Suburb: Large,17.85000000,Regular Local,Open
5300840,WA-05401,Cape Flattery School District,Clallam County,PO BOX 109,SEKIU,WA,98381,9747,(360)963-2329,479.00000,39.51000,4.00000,43,Rural: Remote,12.12000000,Regular Local,Open
5300011,WA-34801,Capital Region ESD 113,Thurston County,6005 Tyee Dr SW,TUMWATER,WA,98512,,(360)464-6700,268.00000,8.45000,1.00000,13,City: Small,31.72000000,Other,Open
5300870,WA-27019,Carbonado School District,Pierce County,PO BOX 131,CARBONADO,WA,98323,0131,(360)829-0121,180.00000,12.50000,1.00000,41,Rural: Fringe,14.40000000,Regular Local,Open
5300950,WA-04228,Cascade School District,Chelan County,330 EVANS ST,LEAVENWORTH,WA,98826,1244,(509)548-5885,1252.00000,84.92000,7.00000,32,Town: Distant,14.74000000,Regular Local,Open
5300960,WA-04222,CASHMERE SCHOOL DISTRICT,Chelan County,210 S DIVISION ST,CASHMERE,WA,98815,1133,(509)782-3355,1580.00000,101.20000,3.00000,31,Town: Fringe,15.61000000,Regular Local,Open
5300990,WA-08401,Castle Rock School District,Cowlitz County,600 HUNTINGTON AVE S,CASTLE ROCK,WA,98611,8901,(360)501-2940,1508.00000,86.38000,4.00000,31,Town: Fringe,17.46000000,Regular Local,Open
5300347,WA-18901,Catalyst Public Schools,Kitsap County,1305 Ironsides Avenue,Bremerton,WA,98310,,(360)207-0229,434.00000,27.85000,1.00000,13,City: Small,15.58000000,Charter,Open
5301050,WA-20215,Centerville School District,Klickitat County,ATTN:Ann Varkados,CENTERVILLE,WA,98613,3021,(509)773-4893,97.00000,5.00000,1.00000,42,Rural: Distant,19.40000000,Regular Local,Open
5301080,WA-18401,Central Kitsap School District,Kitsap County,PO BOX 8,SILVERDALE,WA,98383,9197,(360)662-3100,11206.00000,612.41000,19.00000,13,City: Small,18.30000000,Regular Local,Open
5301110,WA-32356,Central Valley School District,Spokane County,2218 N. Molter,Liberty Lake,WA,99019,,(509)558-5400,14688.00000,933.42000,32.00000,12,City: Midsize,15.74000000,Regular Local,Open
5300315,WA-19901,Central Washington University,Kittitas County,400 E UNIVERSITY WAY,ELLENSBURG,WA,98926,,(509)963-1111,†,0.00000,0.00000,32,Town: Distant,†,Other,Open
5300016,WA-21926,Centralia College,Lewis County,600 Centralia College Blvd,CENTRALIA,WA,98531,4099,(360)736-9391,0.00000,0.00000,1.00000,32,Town: Distant,†,Other,Open
5301140,WA-21401,Centralia School District,Lewis County,PO Box 610,CENTRALIA,WA,98531,,(360)330-7600,3440.00000,210.01000,9.00000,32,Town: Distant,16.38000000,Regular Local,Open
5301170,WA-21302,Chehalis School District,Lewis County,310 SW 16TH ST,CHEHALIS,WA,98532,3809,(360)807-7200,3012.00000,172.72000,8.00000,32,Town: Distant,17.44000000,Regular Local,Open
5301230,WA-32360,Cheney School District,Spokane County,12414 S Andrus Rd,CHENEY,WA,99004,,(509)559-4501,5540.00000,326.06000,13.00000,31,Town: Fringe,16.99000000,Regular Local,Open
5301260,WA-33036,Chewelah School District,Stevens County,PO BOX 47,Chewelah,WA,99109,8970,(509)935-6800,789.00000,47.65000,4.00000,43,Rural: Remote,16.56000000,Regular Local,Open
5301290,WA-16049,Chimacum School District,Jefferson County,PO BOX 278,CHIMACUM,WA,98325,0278,(360)302-5892,717.00000,43.78000,5.00000,41,Rural: Fringe,16.38000000,Regular Local,Open
5301320,WA-02250,Clarkston School District,Asotin County,PO BOX 70,CLARKSTON,WA,99403,2557,(509)758-2531,2518.00000,142.45000,10.00000,23,Suburb: Small,17.68000000,Regular Local,Open
5301350,WA-19404,Cle Elum-Roslyn School District,Kittitas County,4244 BULLFROG ROAD,CLE ELUM,WA,98922,,(509)649-4850,972.00000,56.16000,4.00000,32,Town: Distant,17.31000000,Regular Local,Open
5301410,WA-27400,Clover Park School District,Pierce County,10903 GRAVELLY LAKE DR SW,LAKEWOOD,WA,98499,1341,(253)583-5190,12566.00000,744.54000,33.00000,13,City: Small,16.88000000,Regular Local,Open
5300017,WA-27932,Clover Park Technical College,Pierce County,4500 STEILACOOM BLVD SW,LAKEWOOD,WA,98499,4098,(253)589-5800,0.00000,0.00000,1.00000,13,City: Small,†,Other,Open
5301440,WA-38300,Colfax School District,Whitman County,1207 N MORTON ST,COLFAX,WA,99111,2198,(509)397-3042,562.00000,35.17000,2.00000,32,Town: Distant,15.98000000,Regular Local,Open
5301470,WA-36250,College Place School District,Walla Walla County,1755 S College Ave,COLLEGE PLACE,WA,99324,1175,(509)525-4827,1554.00000,98.70000,4.00000,23,Suburb: Small,15.74000000,Regular Local,Open
5301500,WA-38306,Colton School District,Whitman County,706 UNION,COLTON,WA,99113,0109,(509)229-3385,150.00000,15.87000,1.00000,42,Rural: Distant,9.45000000,Regular Local,Open
5301560,WA-33206,Columbia (Stevens) School District,Stevens County,PO BOX 7,HUNTERS,WA,99137,0007,(509)722-3311,139.00000,11.69000,2.00000,43,Rural: Remote,11.89000000,Regular Local,Open
5301590,WA-36400,Columbia (Walla Walla) School District,Walla Walla County,755 MAPLE ST,BURBANK,WA,99323,0548,(509)547-2136,734.00000,48.80000,3.00000,41,Rural: Fringe,15.04000000,Regular Local,Open
5301630,WA-33115,Colville School District,Stevens County,217 S HOFSTETTER ST,COLVILLE,WA,99114,3239,(509)684-7850,1685.00000,102.16000,6.00000,33,Town: Remote,16.49000000,Regular Local,Open
5300322,WA-32931,Community Colleges of Spokane,Spokane County,PO Box 6000,SPOKANE,WA,99217,6000,(509)434-5162,†,0.00000,0.00000,12,City: Midsize,†,Other,Open
5301660,WA-29011,Concrete School District,Skagit County,45389 AIRPORT WAY,CONCRETE,WA,98237,9355,(360)853-4000,495.00000,36.00000,4.00000,42,Rural: Distant,13.75000000,Regular Local,Open
5301680,WA-29317,Conway School District,Skagit County,19710 STATE ROUTE 534,MOUNT VERNON,WA,98274,8026,(360)445-5785,444.00000,26.31000,1.00000,41,Rural: Fringe,16.88000000,Regular Local,Open
5301710,WA-14099,Cosmopolis School District,Grays Harbor County,PO BOX 479,COSMOPOLIS,WA,98537,,(360)532-7181,165.00000,14.41000,1.00000,33,Town: Remote,11.45000000,Regular Local,Open
5303440,WA-13151,Coulee-Hartline School District,Grant County,410 W LOCUST ST,COULEE CITY,WA,99115,0428,(509)632-5231,164.00000,16.90000,3.00000,43,Rural: Remote,9.70000000,Regular Local,Open
5301800,WA-15204,Coupeville School District,Island County,501 S Main St,Coupeville,WA,98239,,(360)678-2404,1055.00000,57.83000,7.00000,41,Rural: Fringe,18.24000000,Regular Local,Open
5301830,WA-05313,Crescent School District,Clallam County,PO BOX 20,JOYCE,WA,98343,0020,(360)928-3311,336.00000,21.48000,2.00000,43,Rural: Remote,15.64000000,Regular Local,Open
5301860,WA-22073,Creston School District,Lincoln County,485 SE E ST,CRESTON,WA,99117,0017,(509)636-2721,99.00000,10.00000,2.00000,43,Rural: Remote,9.90000000,Regular Local,Open
5301890,WA-10050,Curlew School District,Ferry County,PO BOX 370,CURLEW,WA,99118,9748,(509)779-4931,249.00000,17.38000,2.00000,43,Rural: Remote,14.33000000,Regular Local,Open
5301920,WA-26059,Cusick School District,Pend Oreille County,305 MONUMENTAL WAY,CUSICK,WA,99119,9761,(509)445-1125,356.00000,24.00000,4.00000,43,Rural: Remote,14.83000000,Regular Local,Open
5301950,WA-19007,Damman School District,Kittitas County,2681 Umptanum Rd.,Ellensburg,WA,98926,,(509)962-9079,42.00000,2.00000,1.00000,41,Rural: Fringe,21.00000000,Regular Local,Open
5301980,WA-31330,Darrington School District,Snohomish County,PO BOX 27,DARRINGTON,WA,98241,0027,(360)436-1323,446.00000,29.00000,2.00000,42,Rural: Distant,15.38000000,Regular Local,Open
5302010,WA-22207,Davenport School District,Lincoln County,801 7th Street,DAVENPORT,WA,99122,9548,(509)725-1481,615.00000,40.75000,5.00000,42,Rural: Distant,15.09000000,Regular Local,Open
5302040,WA-07002,Dayton School District,Columbia County,609 S 2ND ST,DAYTON,WA,99328,1572,(509)382-2543,393.00000,31.07000,4.00000,32,Town: Distant,12.65000000,Regular Local,Open
5302070,WA-32414,Deer Park School District,Spokane County,P.O. BOX 490,DEER PARK,WA,99006,0490,(509)464-5500,2774.00000,148.21000,8.00000,41,Rural: Fringe,18.72000000,Regular Local,Open
5302130,WA-27343,Dieringer School District,Pierce County,1320 178TH AVE E,Lake Tapps,WA,98391,6411,(253)862-2537,1402.00000,83.75000,3.00000,21,Suburb: Large,16.74000000,Regular Local,Open
5302160,WA-36101,Dixie School District,Walla Walla County,PO BOX 40,DIXIE,WA,99329,0040,(509)525-5339,16.00000,1.00000,1.00000,42,Rural: Distant,16.00000000,Regular Local,Open
5302280,WA-32361,East Valley School District (Spokane),Spokane County,3830 N Sullivan Rd,SPOKANE,WA,99216,,(509)924-1830,3670.00000,214.70000,9.00000,12,City: Midsize,17.09000000,Regular Local,Open
5305370,WA-39090,East Valley School District (Yakima),Yakima County,2002 BEAUDRY RD,YAKIMA,WA,98901,8012,(509)573-7300,3334.00000,183.27000,5.00000,22,Suburb: Midsize,18.19000000,Regular Local,Open
5302310,WA-09206,Eastmont School District,Douglas County,800 Eastmont Ave,EAST WENATCHEE,WA,98802,4443,(509)884-7169,6032.00000,361.20000,12.00000,23,Suburb: Small,16.70000000,Regular Local,Open
5302340,WA-19028,Easton School District,Kittitas County,PO BOX 8,EASTON,WA,98925,0008,(509)656-2317,82.00000,9.00000,2.00000,42,Rural: Distant,9.11000000,Regular Local,Open
5302370,WA-27404,Eatonville School District,Pierce County,PO BOX 698,EATONVILLE,WA,98328,0698,(360)879-1000,1944.00000,111.92000,7.00000,32,Town: Distant,17.37000000,Regular Local,Open
5302400,WA-31015,Edmonds School District,Snohomish County,20420 68TH AVE W,LYNNWOOD,WA,98036,7400,(425)431-7000,20459.00000,1172.87000,38.00000,21,Suburb: Large,17.44000000,Regular Local,Open
5300340,WA-06701,Educational Service Agency 112,Clark County,2500 NE 65th Avenue,Vancouver,WA,98661,6812,(360)750-7500,0.00000,0.00000,1.00000,12,City: Midsize,†,Other,Open
5300010,WA-32801,Educational Service District 101,Spokane County,4202 S Regal Street,Spokane,WA,99223,7738,(509)789-3800,142.00000,0.00000,4.00000,12,City: Midsize,†,Other,Open
5300013,WA-39801,Educational Service District 105,Yakima County,33 S 2ND AVE,YAKIMA,WA,98902,3486,(509)575-2885,86.00000,0.00000,1.00000,13,City: Small,†,Other,Open
5300005,WA-06801,Educational Service District 112,Clark County,2500 NE 65TH AVE,VANCOUVER,WA,98661,6812,(360)750-7500,57.00000,0.00000,3.00000,12,City: Midsize,†,Other,Open
5300012,WA-11801,Educational Service District 123,Franklin County,3924 W COURT ST,PASCO,WA,99301,2775,(509)547-8441,214.00000,0.00000,1.00000,22,Suburb: Midsize,†,Other,Open
5302460,WA-19401,Ellensburg School District,Kittitas County,1300 E 3RD AVE,ELLENSBURG,WA,98926,3576,(509)925-8000,3238.00000,190.63000,8.00000,32,Town: Distant,16.99000000,Regular Local,Open
5302490,WA-14068,Elma School District,Grays Harbor County,1235 MONTE ELMA RD,ELMA,WA,98541,9038,(360)482-2822,1708.00000,91.53000,6.00000,32,Town: Distant,18.66000000,Regular Local,Open
5302520,WA-38308,Endicott School District,Whitman County,308 SCHOOL DR,ENDICOTT,WA,99125,,(509)657-3523,86.00000,11.96000,1.00000,43,Rural: Remote,7.19000000,Regular Local,Open
5302550,WA-04127,Entiat School District,Chelan County,2650 ENTIAT WAY,ENTIAT,WA,98822,9710,(509)784-1800,337.00000,25.01000,2.00000,42,Rural: Distant,13.47000000,Regular Local,Open
5300001,WA-17216,Enumclaw School District,King County,2929 MCDOUGALL AVE,ENUMCLAW,WA,98022,7499,(360)802-7100,4436.00000,240.71000,10.00000,21,Suburb: Large,18.43000000,Regular Local,Open
5302610,WA-13165,Ephrata School District,Grant County,111 4TH AVE NW,EPHRATA,WA,98823,,(509)754-2474,2807.00000,149.12000,8.00000,32,Town: Distant,18.82000000,Regular Local,Open
5302640,WA-21036,Evaline School District,Lewis County,111 SCHOOLHOUSE RD,WINLOCK,WA,98596,9718,(360)785-3460,53.00000,5.97000,1.00000,41,Rural: Fringe,8.88000000,Regular Local,Open
5300314,WA-31933,Everett Community College,Snohomish County,2000 Tower Street,EVERETT,WA,98201,,(425)388-9100,†,0.00000,0.00000,12,City: Midsize,†,Other,Open
5302670,WA-31002,Everett School District,Snohomish County,PO BOX 2098,Everett,WA,98213,2999,(425)385-4000,20359.00000,1101.80000,33.00000,12,City: Midsize,18.48000000,Regular Local,Open
5302700,WA-06114,Evergreen School District (Clark),Clark County,PO BOX 8910,VANCOUVER,WA,98668,8910,(360)604-4005,22591.00000,1348.22000,39.00000,12,City: Midsize,16.76000000,Regular Local,Open
5302730,WA-33205,Evergreen School District (Stevens),Stevens County,3341 ADDY GIFFORD RD,GIFFORD,WA,99131,9701,(509)722-6084,38.00000,2.60000,1.00000,43,Rural: Remote,14.62000000,Regular Local,Open
5300341,WA-34903,Evergreen State College,Thurston County,2700 Evergreen Parkway NW,Olympia,WA,98505,,(360)867-6000,†,0.00000,0.00000,22,Suburb: Midsize,†,Other,Open
5302820,WA-17210,Federal Way School District,King County,33330 8th AVE S,FEDERAL WAY,WA,98003,5433,(253)945-2000,21606.00000,1184.37000,46.00000,21,Suburb: Large,18.24000000,Regular Local,Open
5302850,WA-37502,Ferndale School District,Whatcom County,PO Box 698,FERNDALE,WA,98248,9317,(360)383-9200,4651.00000,288.65000,14.00000,22,Suburb: Midsize,16.11000000,Regular Local,Open
5302880,WA-27417,Fife School District,Pierce County,1720 Oak St,Milton,WA,98354,,(253)517-1000,3893.00000,209.23000,7.00000,21,Suburb: Large,18.61000000,Regular Local,Open
5302910,WA-03053,Finley School District,Benton County,224606 E GAME FARM RD,KENNEWICK,WA,99337,8623,(509)586-3217,871.00000,50.35000,3.00000,22,Suburb: Midsize,17.30000000,Regular Local,Open
5302940,WA-27402,Franklin Pierce School District,Pierce County,315 129TH ST S,TACOMA,WA,98444,5099,(253)298-3000,7425.00000,472.75000,15.00000,21,Suburb: Large,15.71000000,Regular Local,Open
5302970,WA-32358,Freeman School District,Spokane County,15001 S JACKSON RD,ROCKFORD,WA,99030,9755,(509)291-3695,878.00000,54.96000,3.00000,42,Rural: Distant,15.98000000,Regular Local,Open
5303000,WA-38302,Garfield School District,Whitman County,PO BOX 398,GARFIELD,WA,99130,0398,(509)878-1921,121.00000,11.85000,3.00000,43,Rural: Remote,10.21000000,Regular Local,Open
5303030,WA-20401,Glenwood School District,Klickitat County,PO BOX 12,GLENWOOD,WA,98619,0012,(509)364-3438,64.00000,9.28000,2.00000,43,Rural: Remote,6.90000000,Regular Local,Open
5303090,WA-20404,Goldendale School District,Klickitat County,604 E. BROOKS ST,GOLDENDALE,WA,98620,,(509)773-5177,2976.00000,129.45000,5.00000,33,Town: Remote,22.99000000,Regular Local,Open
5303130,WA-13301,Grand Coulee Dam School District,Douglas County,110 Stevens Ave.,COULEE DAM,WA,99116,1503,(509)633-2143,771.00000,44.59000,3.00000,43,Rural: Remote,17.29000000,Regular Local,Open
5303150,WA-39200,Grandview School District,Yakima County,913 W 2ND ST,GRANDVIEW,WA,98930,1202,(509)882-8500,3618.00000,201.54000,7.00000,32,Town: Distant,17.95000000,Regular Local,Open
5303180,WA-39204,Granger School District,Yakima County,701 E AVE,GRANGER,WA,98932,0400,(509)854-1515,1501.00000,86.36000,3.00000,32,Town: Distant,17.38000000,Regular Local,Open
5303210,WA-31332,Granite Falls School District,Snohomish County,205 N Alder Avenue,Granite Falls,WA,98252,8908,(360)691-7717,2326.00000,137.03000,6.00000,31,Town: Fringe,16.97000000,Regular Local,Open
5303240,WA-23054,Grapeview School District,Mason County,822 E MASON BENSON RD,GRAPEVIEW,WA,98546,9514,(360)275-4921,241.00000,17.96000,1.00000,42,Rural: Distant,13.42000000,Regular Local,Open
5303270,WA-32312,Great Northern School District,Spokane County,3115 N SPOTTED RD,SPOKANE,WA,99224,8921,(509)747-7714,38.00000,3.87000,1.00000,41,Rural: Fringe,9.82000000,Regular Local,Open
5303300,WA-06103,Green Mountain School District,Clark County,13105 NE GRINNELL RD,WOODLAND,WA,98674,3808,(360)225-7366,176.00000,10.96000,1.00000,42,Rural: Distant,16.06000000,Regular Local,Open
5300326,WA-17935,Green River College,King County,12401 SE 320TH ST,AUBURN,WA,98002,,(253)833-9111,†,0.00000,0.00000,13,City: Small,†,Other,Open
5303330,WA-34324,Griffin School District,Thurston County,6530 33RD AVE NW,OLYMPIA,WA,98502,9599,(360)866-5888,577.00000,33.62000,1.00000,22,Suburb: Midsize,17.16000000,Regular Local,Open
5303360,WA-22204,Harrington School District,Lincoln County,PO Box 204,HARRINGTON,WA,99134,0248,(509)253-4331,133.00000,14.00000,2.00000,43,Rural: Remote,9.50000000,Regular Local,Open
5303510,WA-39203,Highland School District,Yakima County,PO BOX 38,COWICHE,WA,98923,0038,(509)678-8630,1094.00000,61.59000,4.00000,41,Rural: Fringe,17.76000000,Regular Local,Open
5303540,WA-17401,Highline School District,King County,15675 AMBAUM BLVD SW,BURIEN,WA,98166,0100,(206)631-3000,18048.00000,1010.27000,43.00000,21,Suburb: Large,17.86000000,Regular Local,Open
5303570,WA-06098,Hockinson School District,Clark County,17912 NE 159TH ST,BRUSH PRAIRIE,WA,98606,9765,(360)448-6400,2000.00000,104.79000,3.00000,41,Rural: Fringe,19.09000000,Regular Local,Open
5303600,WA-23404,Hood Canal School District,Mason County,111 N STATE ROUTE 106,SHELTON,WA,98584,9703,(360)877-5463,346.00000,23.00000,1.00000,42,Rural: Distant,15.04000000,Regular Local,Open
5303660,WA-14028,Hoquiam School District,Grays Harbor County,325 W. Chenault Avenue,HOQUIAM,WA,98550,2419,(360)538-8200,1640.00000,97.48000,6.00000,33,Town: Remote,16.82000000,Regular Local,Open
5310172,WA-17919,Impact | Black River Elementary,†,16950 116th Ave SE,Renton,WA,98058,,(206)712-7640,†,†,1.00000,†,†,†,Charter,New
5300354,WA-27902,Impact | Commencement Bay Elementary,Pierce County,1301 E 34th St,Tacoma,WA,98404,,(206)712-7640,326.00000,29.00000,1.00000,12,City: Midsize,11.24000000,Charter,Open
5300345,WA-17911,Impact | Puget Sound Elementary,King County,3438 S 148th St,Tukwila,WA,98168,,(206)712-7640,596.00000,38.10000,1.00000,21,Suburb: Large,15.64000000,Charter,Open
5300348,WA-17916,Impact | Salish Sea Elementary,King County,3900 Holly Park Drive South,Seattle,WA,98118,,(206)712-7640,342.00000,28.00000,1.00000,21,Suburb: Large,12.21000000,Charter,Open
5300002,WA-10070,Inchelium School District,Ferry County,PO BOX 285,INCHELIUM,WA,99138,0285,(509)722-6181,201.00000,18.21000,3.00000,43,Rural: Remote,11.04000000,Regular Local,Open
5303720,WA-31063,Index Elementary School District 63,Snohomish County,PO BOX 237,INDEX,WA,98256,0237,(360)793-1330,21.00000,2.26000,1.00000,42,Rural: Distant,9.29000000,Regular Local,Open
5300351,WA-37902,Intergenerational High School,Whatcom County,1 Bellis Fair Parkway,Bellingham,WA,98225,,(360)543-8295,69.00000,8.10000,1.00000,13,City: Small,8.52000000,Charter,Open
5303750,WA-17411,Issaquah School District,King County,5150 220th Ave SE,ISSAQUAH,WA,98029,,(425)837-7000,19524.00000,1027.63000,30.00000,21,Suburb: Large,19.00000000,Regular Local,Open
5303780,WA-11056,Kahlotus School District,Franklin County,PO BOX 69,KAHLOTUS,WA,99335,0069,(509)282-3338,56.00000,9.95000,1.00000,43,Rural: Remote,5.63000000,Regular Local,Open
5303810,WA-08402,Kalama School District,Cowlitz County,548 CHINA GARDEN RD,KALAMA,WA,98625,9764,(360)673-5282,1151.00000,74.21000,3.00000,41,Rural: Fringe,15.51000000,Regular Local,Open
5303870,WA-10003,Keller School District,Ferry County,PO BOX 367,KELLER,WA,99140,0367,(509)634-4325,30.00000,3.00000,1.00000,43,Rural: Remote,10.00000000,Regular Local,Open
5300003,WA-08458,Kelso School District,Cowlitz County,601 CRAWFORD ST,KELSO,WA,98626,4398,(360)501-1900,4940.00000,284.02000,13.00000,23,Suburb: Small,17.39000000,Regular Local,Open
5303930,WA-03017,Kennewick School District,Benton County,1000 W. 4th Avenue,KENNEWICK,WA,99336,5601,(509)222-5000,19311.00000,1047.28000,33.00000,13,City: Small,18.44000000,Regular Local,Open
5303960,WA-17415,Kent School District,King County,12033 SE 256TH ST,KENT,WA,98031,6643,(253)373-7000,25586.00000,1517.18000,46.00000,12,City: Midsize,16.86000000,Regular Local,Open
5303990,WA-33212,Kettle Falls School District,Stevens County,PO BOX 458,KETTLE FALLS,WA,99141,0458,(509)738-6625,1125.00000,58.40000,5.00000,42,Rural: Distant,19.26000000,Regular Local,Open
5304020,WA-03052,Kiona-Benton City School District,Benton County,1105 DALE AVE,BENTON CITY,WA,99320,9704,(509)588-2000,1372.00000,85.76000,3.00000,31,Town: Fringe,16.00000000,Regular Local,Open
5304050,WA-19403,Kittitas School District,Kittitas County,PO BOX 599,KITTITAS,WA,98934,0599,(509)955-3120,613.00000,36.00000,4.00000,42,Rural: Distant,17.03000000,Regular Local,Open
5304080,WA-20402,Klickitat School District,Klickitat County,PO BOX 37,KLICKITAT,WA,98628,0037,(509)369-4145,103.00000,7.01000,1.00000,43,Rural: Remote,14.69000000,Regular Local,Open
5304170,WA-06101,La Center School District,Clark County,PO BOX 1840,LA CENTER,WA,98629,5507,(360)263-2131,1769.00000,95.24000,4.00000,41,Rural: Fringe,18.57000000,Regular Local,Open
5304110,WA-29311,La Conner School District,Skagit County,PO BOX 2103,LA CONNER,WA,98257,2103,(360)466-3171,536.00000,40.48000,3.00000,31,Town: Fringe,13.24000000,Regular Local,Open
5304150,WA-38126,LaCrosse School District,Whitman County,111 Hill Avenue,LACROSSE,WA,99143,,(509)549-3591,72.00000,11.72000,2.00000,43,Rural: Remote,6.14000000,Regular Local,Open
5301200,WA-04129,Lake Chelan School District,Chelan County,PO BOX 369,CHELAN,WA,98816,0369,(509)682-3515,1335.00000,84.46000,6.00000,41,Rural: Fringe,15.81000000,Regular Local,Open
5307050,WA-14097,Lake Quinault School District,Grays Harbor County,PO BOX 38,AMANDA PARK,WA,98526,0038,(360)288-2260,196.00000,15.00000,1.00000,43,Rural: Remote,13.07000000,Regular Local,Open
5304200,WA-31004,Lake Stevens School District,Snohomish County,12309 22ND ST NE,LAKE STEVENS,WA,98258,,(425)335-1500,9687.00000,504.35000,16.00000,22,Suburb: Midsize,19.21000000,Regular Local,Open
5300313,WA-17937,Lake Washington Institute of Technology,King County,11605 132ND AVE NE,KIRKLAND,WA,98034,,(425)739-8100,577.00000,0.00000,2.00000,21,Suburb: Large,†,Other,Open
5304230,WA-17414,Lake Washington School District,King County,PO BOX 97039,REDMOND,WA,98073,9739,(425)936-1200,30991.00000,1758.46000,57.00000,21,Suburb: Large,17.62000000,Regular Local,Open
5304260,WA-31306,Lakewood School District,Snohomish County,PO BOX 220,NORTH LAKEWOOD,WA,98259,0220,(360)652-4500,2627.00000,139.86000,5.00000,22,Suburb: Midsize,18.78000000,Regular Local,Open
5304290,WA-38264,Lamont School District,Whitman County,602 MAIN ST,LAMONT,WA,99017,8769,(509)257-2463,28.00000,4.00000,1.00000,43,Rural: Remote,7.00000000,Regular Local,Open
5304380,WA-32362,Liberty School District,Spokane County,29818 S NORTH PINE CREEK RD,SPANGLE,WA,99031,9797,(509)624-4415,593.00000,34.66000,2.00000,42,Rural: Distant,17.11000000,Regular Local,Open
5304410,WA-01158,Lind School District,Adams County,PO BOX 340,Lind,WA,99341,0340,(509)677-3481,219.00000,18.36000,3.00000,43,Rural: Remote,11.93000000,Regular Local,Open
5304470,WA-08122,Longview School District,Cowlitz County,2715 LILAC ST,LONGVIEW,WA,98632,3596,(360)575-7000,6311.00000,380.92000,17.00000,13,City: Small,16.57000000,Regular Local,Open
5304500,WA-33183,Loon Lake School District,Stevens County,4001 MAPLE ST,LOON LAKE,WA,99148,9761,(509)233-2212,221.00000,12.10000,2.00000,42,Rural: Distant,18.26000000,Regular Local,Open
5304530,WA-28144,Lopez School District,San Juan County,86 SCHOOL RD,LOPEZ ISLAND,WA,98261,8000,(360)468-2202,228.00000,13.50000,3.00000,42,Rural: Distant,16.89000000,Regular Local,Open
5300350,WA-32903,Lumen Public School,Spokane County,718 W Riverside,Spokane,WA,99201,,(509)570-3921,36.00000,4.70000,1.00000,12,City: Midsize,7.66000000,Charter,Open
5304590,WA-20406,Lyle School District,Klickitat County,PO BOX 368,LYLE,WA,98635,0009,(509)365-2191,212.00000,16.21000,3.00000,42,Rural: Distant,13.08000000,Regular Local,Open
5304620,WA-37504,Lynden School District,Island County,516 MAIN ST,LYNDEN,WA,98264,9514,(360)354-4443,3542.00000,189.20000,8.00000,31,Town: Fringe,18.72000000,Regular Local,Open
5304650,WA-39120,Mabton School District,Yakima County,PO BOX 37,MABTON,WA,98935,0037,(509)894-4852,771.00000,50.78000,3.00000,41,Rural: Fringe,15.18000000,Regular Local,Open
5304710,WA-09207,Mansfield School District,Douglas County,PO BOX 188,MANSFIELD,WA,98830,0188,(509)683-1012,103.00000,11.00000,1.00000,43,Rural: Remote,9.36000000,Regular Local,Open
5304740,WA-04019,Manson School District,Chelan County,PO BOX A,MANSON,WA,98831,9668,(509)687-3140,615.00000,43.23000,4.00000,32,Town: Distant,14.23000000,Regular Local,Open
5304800,WA-23311,Mary M Knight School District,Mason County,2987 W MATLOCK BRADY RD,ELMA,WA,98541,9713,(360)426-6767,1045.00000,52.50000,2.00000,13,City: Small,19.90000000,Regular Local,Open
5304830,WA-33207,Mary Walker School District,Stevens County,500 N 4TH,SPRINGDALE,WA,99173,0159,(509)258-4534,531.00000,28.55000,4.00000,42,Rural: Distant,18.60000000,Regular Local,Open
5304860,WA-31025,Marysville School District,Snohomish County,4220 80TH ST NE,MARYSVILLE,WA,98270,3498,(360)965-0000,10196.00000,553.88000,24.00000,22,Suburb: Midsize,18.41000000,Regular Local,Open
5304890,WA-14065,McCleary School District,Grays Harbor County,611 S MAIN ST,MCCLEARY,WA,98557,9524,(360)495-3204,332.00000,22.10000,1.00000,42,Rural: Distant,15.02000000,Regular Local,Open
5304920,WA-32354,Mead School District,Spokane County,2323 E Farwell Rd,MEAD,WA,99021,9690,(509)465-6000,10320.00000,568.04000,17.00000,21,Suburb: Large,18.17000000,Regular Local,Open
5304950,WA-32326,Medical Lake School District,Spokane County,PO BOX 128,MEDICAL LAKE,WA,99022,0128,(509)565-3100,1897.00000,113.82000,4.00000,31,Town: Fringe,16.67000000,Regular Local,Open
5304980,WA-17400,Mercer Island School District,King County,4160 86TH AVE SE,MERCER ISLAND,WA,98040,4196,(206)236-3300,4057.00000,215.28000,6.00000,21,Suburb: Large,18.85000000,Regular Local,Open
5305010,WA-37505,Meridian School District,Whatcom County,214 W LAUREL RD,BELLINGHAM,WA,98226,9623,(360)398-7111,1816.00000,103.15000,6.00000,41,Rural: Fringe,17.61000000,Regular Local,Open
5305020,WA-24350,Methow Valley School District,Okanogan County,18 TWIN LAKES RD,WINTHROP,WA,98862,9713,(509)996-9205,756.00000,54.05000,4.00000,43,Rural: Remote,13.99000000,Regular Local,Open
5305040,WA-30031,Mill A School District,Skamania County,1142 JESSUP RD,COOK,WA,98605,9120,(509)538-2522,67.00000,9.40000,2.00000,42,Rural: Distant,7.13000000,Regular Local,Open
5305130,WA-31103,Monroe School District,Snohomish County,14692 179th Ave SE,Monroe,WA,98272,,(360)804-2500,5734.00000,304.46000,12.00000,21,Suburb: Large,18.83000000,Regular Local,Open
5305160,WA-14066,Montesano School District,Grays Harbor County,502 E. Spruce Ave,MONTESANO,WA,98563,,(360)249-3942,1430.00000,82.87000,3.00000,32,Town: Distant,17.26000000,Regular Local,Open
5305190,WA-21214,Morton School District,Lewis County,PO BOX 1219,MORTON,WA,98356,0048,(360)496-5300,459.00000,28.22000,2.00000,43,Rural: Remote,16.27000000,Regular Local,Open
5305220,WA-13161,Moses Lake School District,Grant County,1620 S Pioneer Way,MOSES LAKE,WA,98837,,(509)766-2650,8686.00000,476.87000,20.00000,33,Town: Remote,18.21000000,Regular Local,Open
5305250,WA-21206,Mossyrock School District,Lewis County,PO BOX 478,MOSSYROCK,WA,98564,0478,(360)983-3183,590.00000,33.68000,3.00000,43,Rural: Remote,17.52000000,Regular Local,Open
5305280,WA-39209,Mount Adams School District,Yakima County,PO BOX 578,WHITE SWAN,WA,98952,0578,(509)874-2611,889.00000,61.06000,3.00000,42,Rural: Distant,14.56000000,Regular Local,Open
5305310,WA-37507,Mount Baker School District,Whatcom County,PO BOX 95,DEMING,WA,98244,0095,(360)383-2000,1692.00000,108.29000,7.00000,42,Rural: Distant,15.62000000,Regular Local,Open
5305340,WA-30029,Mount Pleasant School District,Skamania County,152 MARBLE RD,WASHOUGAL,WA,98671,7913,(360)835-3371,68.00000,5.01000,1.00000,41,Rural: Fringe,13.57000000,Regular Local,Open
5305400,WA-29320,Mount Vernon School District,Skagit County,124 E LAWRENCE ST,MOUNT VERNON,WA,98273,2999,(360)428-6110,6545.00000,415.79000,14.00000,13,City: Small,15.74000000,Regular Local,Open
5305430,WA-31006,Mukilteo School District,Snohomish County,9401 SHARON DR,EVERETT,WA,98204,2699,(425)356-1274,15131.00000,910.67000,24.00000,21,Suburb: Large,16.62000000,Regular Local,Open
5305460,WA-39003,Naches Valley School District,Yakima County,PO BOX 99,NACHES,WA,98937,9744,(509)653-2220,1294.00000,82.64000,4.00000,41,Rural: Fringe,15.66000000,Regular Local,Open
5305490,WA-21014,Napavine School District,Lewis County,PO BOX 840,Napavine,WA,98565,0840,(360)262-3303,814.00000,47.87000,2.00000,41,Rural: Fringe,17.00000000,Regular Local,Open
5305520,WA-25155,Naselle-Grays River Valley School District,Pacific County,793 STATE ROUTE 4,NASELLE,WA,98638,8541,(360)484-7121,316.00000,21.16000,2.00000,43,Rural: Remote,14.93000000,Regular Local,Open
5305550,WA-24014,Nespelem School District,Okanogan County,PO BOX 291,NESPELEM,WA,99155,0291,(509)634-4541,131.00000,12.01000,2.00000,43,Rural: Remote,10.91000000,Regular Local,Open
5305610,WA-26056,Newport School District,Pend Oreille County,PO BOX 70,NEWPORT,WA,99156,0070,(509)447-3167,1091.00000,71.57000,5.00000,32,Town: Distant,15.24000000,Regular Local,Open
5305640,WA-32325,Nine Mile Falls School District,Spokane County,10110 W CHARLES RD,NINE MILE FALLS,WA,99026,8623,(509)340-4300,1435.00000,88.05000,6.00000,31,Town: Fringe,16.30000000,Regular Local,Open
5305670,WA-37506,Nooksack Valley School District,Whatcom County,PO BOX 4307,EVERSON,WA,98247,9232,(360)988-4754,1912.00000,127.23000,7.00000,41,Rural: Fringe,15.03000000,Regular Local,Open
5305700,WA-14064,North Beach School District No. 64,Grays Harbor County,PO BOX 159,OCEAN SHORES,WA,98569,9563,(360)289-2447,689.00000,46.83000,4.00000,41,Rural: Fringe,14.71000000,Regular Local,Open
5300004,WA-04801,North Central Educational Service District 171,Chelan County,PO BOX 98807,WENATCHEE,WA,98801,3050,(509)665-2610,†,0.00000,0.00000,13,City: Small,†,Regional (RESA),Open
5305730,WA-11051,North Franklin School District,Franklin County,PO BOX 829,CONNELL,WA,99326,0829,(509)234-2021,2037.00000,132.73000,9.00000,41,Rural: Fringe,15.35000000,Regular Local,Open
5305760,WA-18400,North Kitsap School District,Kitsap County,18360 Caldart Ave NE,Poulsbo,WA,98370,,(360)396-3000,5418.00000,315.55000,14.00000,22,Suburb: Midsize,17.17000000,Regular Local,Open
5305790,WA-23403,North Mason School District,Mason County,250 East Campus Drive,Belfair,WA,98528,,(360)277-2300,2309.00000,142.63000,7.00000,41,Rural: Fringe,16.19000000,Regular Local,Open
5305820,WA-25200,North River School District,Pacific County,2867 N RIVER RD,COSMOPOLIS,WA,98537,9743,(360)532-3079,75.00000,8.45000,1.00000,43,Rural: Remote,8.88000000,Regular Local,Open
5305850,WA-34003,North Thurston Public Schools,Thurston County,305 COLLEGE ST NE,LACEY,WA,98516,5390,(360)412-4400,15119.00000,867.36000,24.00000,13,City: Small,17.43000000,Regular Local,Open
5305880,WA-33211,Northport School District,Stevens County,404 10TH ST,NORTHPORT,WA,99157,1280,(509)732-4441,283.00000,20.08000,3.00000,43,Rural: Remote,14.09000000,Regular Local,Open
5305910,WA-17417,Northshore School District,Snohomish County,3330 Monte Villa Parkway,BOTHELL,WA,98021,8972,(425)408-6000,22944.00000,1326.00000,40.00000,21,Suburb: Large,17.30000000,Regular Local,Open
5300008,WA-29801,Northwest Educational Service District 189,Skagit County,1601 R AVE,ANACORTES,WA,98221,2276,(360)299-4000,21.00000,0.00000,5.00000,12,City: Midsize,†,Other,Open
5305940,WA-15201,Oak Harbor School District,Island County,350 S OAK HARBOR ST,OAK HARBOR,WA,98277,5015,(360)279-5000,5730.00000,369.22000,12.00000,32,Town: Distant,15.52000000,Regular Local,Open
5305970,WA-38324,Oakesdale School District,Whitman County,PO BOX 228,OAKESDALE,WA,99158,0228,(509)285-5296,147.00000,11.09000,2.00000,43,Rural: Remote,13.26000000,Regular Local,Open
5306000,WA-14400,Oakville School District,Grays Harbor County,PO BOX H,OAKVILLE,WA,98568,0090,(360)273-0171,341.00000,26.64000,4.00000,42,Rural: Distant,12.80000000,Regular Local,Open
5306060,WA-25101,Ocean Beach School District,Pacific County,PO Box 778,Long Beach,WA,98631,0778,(360)642-3739,1033.00000,63.60000,6.00000,42,Rural: Distant,16.24000000,Regular Local,Open
5306090,WA-14172,Ocosta School District,Grays Harbor County,2580 S MONTESANO ST,WESTPORT,WA,98595,9746,(360)268-9125,582.00000,37.13000,3.00000,42,Rural: Distant,15.67000000,Regular Local,Open
5306120,WA-22105,Odessa School District,Lincoln County,PO BOX 248,ODESSA,WA,99159,0248,(509)982-2668,236.00000,17.25000,2.00000,43,Rural: Remote,13.68000000,Regular Local,Open
5300318,WA-34974,Office of the Governor (Sch for Blind),Clark County,2214 E. 13TH STREET,VANCOUVER,WA,98661,,(360)947-3308,58.00000,0.00000,1.00000,12,City: Midsize,†,Regular Local,Open
5306150,WA-24105,Okanogan School District,Okanogan County,PO BOX 592,OKANOGAN,WA,98840,0592,(509)422-3629,1065.00000,62.89000,6.00000,33,Town: Remote,16.93000000,Regular Local,Open
5306180,WA-34111,Olympia School District,Thurston County,111 BETHEL ST. NE,OLYMPIA,WA,98506,,(360)596-6100,9633.00000,567.25000,20.00000,13,City: Small,16.98000000,Regular Local,Open
5300007,WA-18801,Olympic Educational Service District 114,Kitsap County,105 NATIONAL AVE N,BREMERTON,WA,98312,3537,(360)479-0993,14.00000,0.00000,2.00000,33,Town: Remote,†,Other,Open
5306220,WA-24019,Omak School District,Okanogan County,619 W BARTLETT AVE,OMAK,WA,98841,9700,(509)826-0320,5834.00000,296.01000,8.00000,33,Town: Remote,19.71000000,Regular Local,Open
5306240,WA-21300,Onalaska School District,Lewis County,540 CARLISLE AVE,ONALASKA,WA,98570,9654,(360)978-4111,868.00000,52.01000,3.00000,42,Rural: Distant,16.69000000,Regular Local,Open
5306270,WA-33030,Onion Creek School District,Stevens County,2006 LOTZE CREEK RD,COLVILLE,WA,99114,8602,(509)732-4240,46.00000,4.00000,1.00000,43,Rural: Remote,11.50000000,Regular Local,Open
5306300,WA-28137,Orcas Island School District,San Juan County,557 SCHOOL RD,EASTSOUND,WA,98245,9457,(360)376-2284,701.00000,40.19000,6.00000,42,Rural: Distant,17.44000000,Regular Local,Open
5306330,WA-32123,Orchard Prairie School District,Spokane County,7626 N. Orchard Prairie Road,SPOKANE,WA,99203,,(509)467-9517,74.00000,6.80000,1.00000,41,Rural: Fringe,10.88000000,Regular Local,Open
5306360,WA-10065,Orient School District,Ferry County,374 4th Ave,ORIENT,WA,99160,,(509)684-6873,41.00000,3.50000,1.00000,43,Rural: Remote,11.71000000,Regular Local,Open
5306390,WA-09013,Orondo School District,Douglas County,100 ORONDO SCHOOL RD,ORONDO,WA,98843,9723,(509)784-2443,139.00000,12.06000,1.00000,42,Rural: Distant,11.53000000,Regular Local,Open
5306420,WA-24410,Oroville School District,Okanogan County,816 JUNIPER,OROVILLE,WA,98844,,(509)476-2281,530.00000,38.14000,2.00000,43,Rural: Remote,13.90000000,Regular Local,Open
5306450,WA-27344,Orting School District,Pierce County,121 Whitesell St NE,ORTING,WA,98360,8403,(360)893-6500,2748.00000,144.45000,5.00000,21,Suburb: Large,19.02000000,Regular Local,Open
5306480,WA-01147,Othello School District,Adams County,1025 S 1st Ave,OTHELLO,WA,99344,1463,(509)488-2659,4751.00000,260.80000,9.00000,32,Town: Distant,18.22000000,Regular Local,Open
5306510,WA-09102,Palisades School District,Douglas County,1114 PALISADES RD,PALISADES,WA,98845,9609,(509)884-8071,26.00000,3.00000,1.00000,42,Rural: Distant,8.67000000,Regular Local,Open
5306540,WA-38301,Palouse School District,Whitman County,600 E ALDER ST,PALOUSE,WA,99161,8780,(509)878-1921,166.00000,16.74000,3.00000,43,Rural: Remote,9.92000000,Regular Local,Open
5306570,WA-11001,Pasco School District,Franklin County,1215 W LEWIS ST,PASCO,WA,99301,5472,(509)543-6700,18515.00000,1056.06000,29.00000,22,Suburb: Midsize,17.53000000,Regular Local,Open
5306600,WA-24122,Pateros School District,Okanogan County,PO BOX 98,PATEROS,WA,98846,0098,(509)923-2343,269.00000,21.30000,3.00000,43,Rural: Remote,12.63000000,Regular Local,Open
5306630,WA-03050,Paterson School District,Benton County,PO BOX 189,PATERSON,WA,99345,0189,(509)875-2601,142.00000,12.26000,1.00000,42,Rural: Distant,11.58000000,Regular Local,Open
5306660,WA-21301,Pe Ell School District,Lewis County,PO BOX 368,PE ELL,WA,98572,0368,(360)291-3244,271.00000,20.16000,2.00000,43,Rural: Remote,13.44000000,Regular Local,Open
5306690,WA-27401,Peninsula School District,Pierce County,14015 62ND AVE NW,GIG HARBOR,WA,98332,8698,(253)530-1002,8969.00000,491.04000,17.00000,21,Suburb: Large,18.27000000,Regular Local,Open
5300352,WA-04901,Pinnacles Prep Charter School,Chelan County,504 S Chelan Ave,Wenatchee,WA,98801,,(509)888-6464,168.00000,10.50000,1.00000,13,City: Small,16.00000000,Charter,Open
5306750,WA-23402,Pioneer School District,Mason County,112 E. Spencer Lake Road,SHELTON,WA,98584,7306,(360)426-9115,759.00000,56.00000,2.00000,41,Rural: Fringe,13.55000000,Regular Local,Open
5306780,WA-12110,Pomeroy School District,Garfield County,PO BOX 950,POMEROY,WA,99347,0950,(509)843-3393,351.00000,24.47000,2.00000,42,Rural: Distant,14.34000000,Regular Local,Open
5306820,WA-05121,Port Angeles School District,Clallam County,905 W 9TH ST,PORT ANGELES,WA,98363,7275,(360)457-8575,3534.00000,230.71000,10.00000,33,Town: Remote,15.32000000,Regular Local,Open
5306840,WA-16050,Port Townsend School District,Jefferson County,1610 Blaine St.,Port Townsend,WA,98368,,(360)379-4501,1206.00000,77.07000,4.00000,32,Town: Distant,15.65000000,Regular Local,Open
5306870,WA-36402,Prescott School District,Walla Walla County,PO Box 65,PRESCOTT,WA,99348,0065,(509)849-2217,261.00000,23.62000,4.00000,42,Rural: Distant,11.05000000,Regular Local,Open
5300339,WA-32907,PRIDE Prep Charter School District,Spokane County,811 E Sprague,Spokane,WA,99202,,(509)309-7680,504.00000,32.06000,1.00000,12,City: Midsize,15.72000000,Charter,Open
5306900,WA-03116,Prosser School District,Benton County,1500 Grant Ave,PROSSER,WA,99350,,(509)786-3323,2414.00000,136.18000,6.00000,32,Town: Distant,17.73000000,Regular Local,Open
5300006,WA-17801,Puget Sound Educational Service District 121,King County,800 Oakesdale Ave SW,Renton,WA,98057,,(425)917-7600,0.00000,0.00000,1.00000,12,City: Midsize,†,Other,Open
5300355,WA-38901,Pullman Community Montessori,Whitman County,115 NW State St,Pullman,WA,99163,,(509)336-5909,97.00000,5.50000,1.00000,32,Town: Distant,17.64000000,Charter,Open
5306930,WA-38267,Pullman School District,Whitman County,240 SE DEXTER ST,PULLMAN,WA,99163,3585,(509)332-3581,2740.00000,176.07000,6.00000,32,Town: Distant,15.56000000,Regular Local,Open
5306960,WA-27003,Puyallup School District,Pierce County,PO BOX 370,PUYALLUP,WA,98372,3220,(253)841-1301,23104.00000,1225.24000,37.00000,21,Suburb: Large,18.86000000,Regular Local,Open
5301380,WA-16020,Queets-Clearwater School District,Jefferson County,146000 HIGHWAY 101,FORKS,WA,98331,9484,(360)962-2395,40.00000,3.61000,1.00000,43,Rural: Remote,11.08000000,Regular Local,Open
5306990,WA-16048,Quilcene School District,Jefferson County,PO BOX 40,QUILCENE,WA,98376,0040,(360)765-3363,726.00000,29.00000,2.00000,42,Rural: Distant,25.03000000,Regular Local,Open
5307020,WA-05402,Quillayute Valley School District,Clallam County,411 S Spartan Ave,FORKS,WA,98331,,(360)374-6262,2473.00000,180.72000,6.00000,33,Town: Remote,13.68000000,Regular Local,Open
5307080,WA-13144,Quincy School District,Grant County,119 J ST SW,QUINCY,WA,98848,1330,(509)787-4571,3083.00000,200.54000,9.00000,32,Town: Distant,15.37000000,Regular Local,Open
5300335,WA-17908,Rainier Prep Charter School District,King County,10211 S 12th Ave,Seattle,WA,98168,,(206)494-5979,330.00000,24.90000,1.00000,21,Suburb: Large,13.25000000,Charter,Open
5307110,WA-34307,Rainier School District,Thurston County,PO BOX 98,RAINIER,WA,98576,0098,(360)446-2207,931.00000,57.00000,3.00000,42,Rural: Distant,16.33000000,Regular Local,Open
5300342,WA-17910,Rainier Valley Leadership Academy,King County,6020 Rainier Avenue S.,Seattle,WA,98118,,(206)659-0956,145.00000,12.89000,1.00000,11,City: Large,11.25000000,Charter,Open
5307140,WA-25116,Raymond School District,Pacific County,1016 COMMERCIAL ST,RAYMOND,WA,98577,2631,(360)942-3415,483.00000,34.97000,3.00000,41,Rural: Fringe,13.81000000,Regular Local,Open
5307210,WA-22009,Reardan-Edwall School District,Lincoln County,PO BOX 225,REARDAN,WA,99029,0225,(509)796-2701,671.00000,42.07000,3.00000,42,Rural: Distant,15.95000000,Regular Local,Open
5307230,WA-17403,Renton School District,King County,300 SW 7TH ST,RENTON,WA,98057,,(425)204-2300,15230.00000,824.90000,31.00000,12,City: Midsize,18.46000000,Regular Local,Open
5300325,WA-17941,Renton Technical College,King County,3000 NE 4TH STREET,RENTON,WA,98056,4195,(425)243-2366,93.00000,0.00000,2.00000,12,City: Midsize,†,Other,Open
5307260,WA-10309,Republic School District,Ferry County,30306 E HIGHWAY 20,REPUBLIC,WA,99166,8746,(509)775-3173,378.00000,23.61000,4.00000,43,Rural: Remote,16.01000000,Regular Local,Open
5307320,WA-03400,Richland School District,Benton County,6972 Keene Road,West RICHLAND,WA,99353,,(509)967-6000,13948.00000,730.98000,23.00000,13,City: Small,19.08000000,Regular Local,Open
5307350,WA-06122,Ridgefield School District,Clark County,510 PIONEER STREET,RIDGEFIELD,WA,98642,9088,(360)619-1301,3987.00000,221.48000,7.00000,41,Rural: Fringe,18.00000000,Regular Local,Open
5307380,WA-01160,Ritzville School District,Adams County,209 E WELLSANDT RD,RITZVILLE,WA,99169,1600,(509)659-1660,362.00000,24.74000,3.00000,43,Rural: Remote,14.63000000,Regular Local,Open
5307440,WA-32416,Riverside School District,Spokane County,34515 N NEWPORT HWY,CHATTAROY,WA,99003,7706,(509)464-8201,1605.00000,90.33000,5.00000,42,Rural: Distant,17.77000000,Regular Local,Open
5304560,WA-17407,Riverview School District,King County,PO Box 519,DUVALL,WA,98019,,(425)844-4500,3111.00000,171.69000,8.00000,21,Suburb: Large,18.12000000,Regular Local,Open
5307470,WA-34401,Rochester School District,Thurston County,10140 HIGHWAY 12 SW,ROCHESTER,WA,98579,9601,(360)858-1811,2150.00000,129.51000,5.00000,41,Rural: Fringe,16.60000000,Regular Local,Open
5307530,WA-20403,Roosevelt School District,Klickitat County,PO BOX 248,ROOSEVELT,WA,99356,0248,(509)384-5462,25.00000,3.00000,1.00000,43,Rural: Remote,8.33000000,Regular Local,Open
5310171,WA-06901,Rooted School Washington,†,10401 NE Fourth Plain Blvd,Vancouver,WA,98662,,(360)200-8974,†,†,1.00000,†,†,†,Charter,New
5307560,WA-38320,Rosalia School District,Whitman County,916 S JOSEPHINE AVE,ROSALIA,WA,99170,9550,(509)523-3061,173.00000,17.00000,1.00000,42,Rural: Distant,10.18000000,Regular Local,Open
5307620,WA-13160,Royal School District,Grant County,PO Box 486,Royal City,WA,99357,0486,(509)346-2222,1763.00000,106.01000,4.00000,43,Rural: Remote,16.63000000,Regular Local,Open
5307650,WA-28149,San Juan Island School District,San Juan County,PO BOX 458,FRIDAY HARBOR,WA,98250,0458,(360)378-4133,782.00000,50.80000,5.00000,43,Rural: Remote,15.39000000,Regular Local,Open
5307680,WA-14104,Satsop School District,Grays Harbor County,PO BOX 96,SATSOP,WA,98583,0096,(360)482-5330,52.00000,3.90000,1.00000,32,Town: Distant,13.33000000,Regular Local,Open
5300323,WA-17942,Seattle Central Community College,King County,1701 BROADWAY,SEATTLE,WA,98122,,(206)587-4974,†,0.00000,0.00000,11,City: Large,†,Other,Open
5307710,WA-17001,Seattle School District No. 1,King County,PO BOX 34165,SEATTLE,WA,98124,1165,(206)252-0010,51238.00000,3165.52000,109.00000,11,City: Large,16.19000000,Regular Local,Open
5307740,WA-29101,Sedro-Woolley School District,Skagit County,801 TRAIL RD,SEDRO WOOLLEY,WA,98284,9387,(360)855-3500,4593.00000,251.06000,12.00000,23,Suburb: Small,18.29000000,Regular Local,Open
5307770,WA-39119,Selah School District,Franklin County,316 W NACHES AVE,SELAH,WA,98942,1117,(509)698-8001,3832.00000,221.00000,10.00000,22,Suburb: Midsize,17.34000000,Regular Local,Open
5307800,WA-26070,Selkirk School District,Pend Oreille County,PO BOX 129,METALINE FALLS,WA,99153,0129,(509)446-2951,263.00000,19.89000,3.00000,43,Rural: Remote,13.22000000,Regular Local,Open
5307830,WA-05323,Sequim School District,Clallam County,503 N SEQUIM AVE,SEQUIM,WA,98382,3161,(360)582-3260,2602.00000,151.72000,6.00000,32,Town: Distant,17.15000000,Regular Local,Open
5307860,WA-28010,Shaw Island School District,San Juan County,PO BOX 426,SHAW ISLAND,WA,98286,0426,(360)468-2570,9.00000,2.00000,1.00000,42,Rural: Distant,4.50000000,Regular Local,Open
5307900,WA-23309,Shelton School District,Mason County,700 S 1ST ST,SHELTON,WA,98584,3602,(360)426-1687,4540.00000,273.35000,10.00000,32,Town: Distant,16.61000000,Regular Local,Open
5307920,WA-17412,Shoreline School District,King County,18560 1ST AVE NE,SHORELINE,WA,98155,2118,(206)393-4203,9564.00000,472.02000,18.00000,21,Suburb: Large,20.26000000,Regular Local,Open
5307950,WA-30002,Skamania School District,Skamania County,122 BUTLER LOOP RD,SKAMANIA,WA,98648,6021,(509)427-8239,73.00000,5.96000,1.00000,42,Rural: Distant,12.25000000,Regular Local,Open
5307980,WA-17404,Skykomish School District,King County,PO BOX 325,SKYKOMISH,WA,98288,0325,(360)677-2623,40.00000,9.00000,2.00000,42,Rural: Distant,4.44000000,Regular Local,Open
5308020,WA-31201,Snohomish School District,Snohomish County,1601 AVENUE D,SNOHOMISH,WA,98290,1799,(360)563-7240,9418.00000,493.28000,18.00000,22,Suburb: Midsize,19.09000000,Regular Local,Open
5308040,WA-17410,Snoqualmie Valley School District,King County,PO BOX 400,SNOQUALMIE,WA,98065,0400,(425)831-8000,7086.00000,409.57000,13.00000,31,Town: Fringe,17.30000000,Regular Local,Open
5308070,WA-13156,Soap Lake School District,Grant County,410 GINKGO ST S,SOAP LAKE,WA,98851,0158,(509)246-1822,515.00000,34.98000,3.00000,42,Rural: Distant,14.72000000,Regular Local,Open
5308100,WA-25118,South Bend School District,Pacific County,PO BOX 437,SOUTH BEND,WA,98586,0437,(360)875-6041,576.00000,38.34000,4.00000,33,Town: Remote,15.02000000,Regular Local,Open
5308160,WA-18402,South Kitsap School District,Kitsap County,2689 HOOVER AVE SE,PORT ORCHARD,WA,98366,3013,(360)874-7000,9196.00000,542.98000,17.00000,22,Suburb: Midsize,16.94000000,Regular Local,Open
5300321,WA-17946,South Seattle Community College,King County,6000 16TH AVE S.W.,SEATTLE,WA,98106,,(206)934-5300,†,0.00000,0.00000,11,City: Large,†,Other,Open
5308190,WA-15206,South Whidbey School District,Island County,5520 Maxwelton Road,Langley,WA,98260,,(360)221-6100,1202.00000,66.76000,5.00000,42,Rural: Distant,18.00000000,Regular Local,Open
5308220,WA-23042,Southside School District,Mason County,161 SE COLLIER RD,SHELTON,WA,98584,8367,(360)426-8437,195.00000,13.68000,1.00000,32,Town: Distant,14.25000000,Regular Local,Open
5300337,WA-32901,Spokane International Academy,Spokane County,777 E Magnesium Rd,Spokane,WA,99208,,(509)209-8730,736.00000,51.00000,1.00000,12,City: Midsize,14.43000000,Charter,Open
5308250,WA-32081,Spokane School District,Spokane County,200 N BERNARD ST,SPOKANE,WA,99201,0282,(509)354-5900,28714.00000,2066.84000,69.00000,12,City: Midsize,13.89000000,Regular Local,Open
5308280,WA-22008,Sprague School District,Lincoln County,PO BOX 305,SPRAGUE,WA,99032,0305,(509)257-2591,67.00000,11.00000,2.00000,43,Rural: Remote,6.09000000,Regular Local,Open
5308310,WA-38322,St. John School District,Whitman County,301 W NOB HL,SAINT JOHN,WA,99171,0058,(509)648-3336,148.00000,14.69000,2.00000,43,Rural: Remote,10.07000000,Regular Local,Open
5308340,WA-31401,Stanwood-Camano School District,Snohomish County,26920 Pioneer Highway,Stanwood,WA,98292,9548,(360)629-1200,4812.00000,259.39000,11.00000,31,Town: Fringe,18.55000000,Regular Local,Open
5308370,WA-11054,Star School District No. 054,Franklin County,P. O. Box 5025,Pasco,WA,99302,,(509)547-2704,0.00000,2.00000,1.00000,42,Rural: Distant,†,Regular Local,Open
5308400,WA-07035,Starbuck School District,Columbia County,PO BOX 188,STARBUCK,WA,99359,0188,(509)399-2381,185.00000,4.00000,2.00000,43,Rural: Remote,46.25000000,Regular Local,Open
5308430,WA-04069,Stehekin School District,Chelan County,PO BOX 37,STEHEKIN,WA,98852,0037,(360)725-6000,10.00000,1.01000,1.00000,43,Rural: Remote,9.90000000,Regular Local,Open
5308460,WA-27001,Steilacoom Hist. School District,Pierce County,511 CHAMBERS ST,STEILACOOM,WA,98388,3311,(253)983-2200,3098.00000,183.12000,8.00000,21,Suburb: Large,16.92000000,Regular Local,Open
5308490,WA-38304,Steptoe School District,Whitman County,PO BOX 138,Steptoe,WA,99174,3138,(509)397-3119,35.00000,4.00000,1.00000,42,Rural: Distant,8.75000000,Regular Local,Open
5308520,WA-30303,Stevenson-Carson School District,Skamania County,PO BOX 850,STEVENSON,WA,98648,0850,(509)427-5674,843.00000,46.95000,6.00000,42,Rural: Distant,17.96000000,Regular Local,Open
5308550,WA-31311,Sultan School District,Snohomish County,514 4th Street,SULTAN,WA,98294,9474,(360)793-9800,2074.00000,118.61000,8.00000,31,Town: Fringe,17.49000000,Regular Local,Open
5300343,WA-17905,Summit Public School: Atlas,King County,9601 35th Ave SW,Seattle,WA,98104,,(253)987-1535,458.00000,30.00000,1.00000,11,City: Large,15.27000000,Charter,Open
5300333,WA-27905,Summit Public School: Olympus,Pierce County,409 Puyallup Avenue,Tacoma,WA,98421,,(253)444-9781,156.00000,11.52000,1.00000,12,City: Midsize,13.54000000,Charter,Open
5300334,WA-17902,Summit Public School: Sierra,King County,1025 S King Street,Seattle,WA,98104,,(206)453-2520,235.00000,17.00000,1.00000,11,City: Large,13.82000000,Charter,Open
5308580,WA-33202,Summit Valley School District,Stevens County,2360 ADDY GIFFORD RD,ADDY,WA,99101,9703,(509)935-6362,81.00000,5.41000,1.00000,43,Rural: Remote,14.97000000,Regular Local,Open
5308610,WA-27320,Sumner-Bonney Lake School District,Pierce County,1202 WOOD AVE,SUMNER,WA,98390,1933,(253)891-6000,10414.00000,554.20000,15.00000,21,Suburb: Large,18.79000000,Regular Local,Open
5308670,WA-39201,Sunnyside School District,Yakima County,1110 S 6th St,Sunnyside,WA,98944,2197,(509)837-5851,6369.00000,359.50000,9.00000,32,Town: Distant,17.72000000,Regular Local,Open
5300328,WA-18902,Suquamish Tribal Education Department,Kitsap County,16301 Creative Dr NW,Poulsbo,WA,98370,,(360)394-7129,84.00000,14.25000,1.00000,22,Suburb: Midsize,5.89000000,Regular Local,Open
5308700,WA-27010,Tacoma School District,Pierce County,PO BOX 1357,TACOMA,WA,98401,1357,(253)571-1000,28311.00000,1634.03000,69.00000,12,City: Midsize,17.33000000,Regular Local,Open
5308730,WA-14077,Taholah School District,Grays Harbor County,PO BOX 249,TAHOLAH,WA,98587,0249,(360)276-4780,168.00000,16.76000,2.00000,43,Rural: Remote,10.02000000,Regular Local,Open
5308760,WA-17409,Tahoma School District,King County,25720 MAPLE VALLEY BLK DIAM RD,MAPLE VALLEY,WA,98038,8313,(425)413-3400,9112.00000,475.27000,10.00000,21,Suburb: Large,19.17000000,Regular Local,Open
5308790,WA-38265,Tekoa School District,Whitman County,PO BOX 869,TEKOA,WA,99033,0869,(509)284-3281,190.00000,11.89000,2.00000,43,Rural: Remote,15.98000000,Regular Local,Open
5308820,WA-34402,Tenino School District,Thurston County,PO BOX 4024,TENINO,WA,98589,4024,(360)264-3411,1287.00000,78.98000,4.00000,42,Rural: Distant,16.30000000,Regular Local,Open
5308850,WA-19400,Thorp School District,Kittitas County,PO BOX 150,THORP,WA,98946,0150,(509)964-2107,257.00000,20.25000,1.00000,42,Rural: Distant,12.69000000,Regular Local,Open
5308910,WA-21237,Toledo School District,Lewis County,PO BOX 469,TOLEDO,WA,98591,0469,(360)864-6325,843.00000,48.39000,4.00000,42,Rural: Distant,17.42000000,Regular Local,Open
5308940,WA-24404,Tonasket School District,Okanogan County,35 DO HIGHWAY 20 EAST,TONASKET,WA,98855,9601,(509)486-2126,1166.00000,72.04000,5.00000,43,Rural: Remote,16.19000000,Regular Local,Open
5308970,WA-39202,Toppenish School District,Yakima County,306 BOLIN DR,TOPPENISH,WA,98948,1644,(509)865-4455,4246.00000,203.52000,9.00000,32,Town: Distant,20.86000000,Regular Local,Open
5309000,WA-36300,Touchet School District,Walla Walla County,P.O. Box 135,TOUCHET,WA,99360,9533,(509)394-2352,204.00000,20.00000,1.00000,42,Rural: Distant,10.20000000,Regular Local,Open
5309030,WA-08130,Toutle Lake School District,Cowlitz County,5050 SPIRIT LAKE HWY,TOUTLE,WA,98649,9701,(360)274-6182,690.00000,38.80000,2.00000,42,Rural: Distant,17.78000000,Regular Local,Open
5309060,WA-20400,Trout Lake School District,Klickitat County,PO Box 488,TROUT LAKE,WA,98650,9735,(509)395-2571,199.00000,15.99000,2.00000,43,Rural: Remote,12.45000000,Regular Local,Open
5308130,WA-17406,Tukwila School District,King County,4640 S 144TH ST,TUKWILA,WA,98168,4134,(206)901-8000,2715.00000,161.87000,8.00000,21,Suburb: Large,16.77000000,Regular Local,Open
5309100,WA-34033,Tumwater School District,Thurston County,621 LINWOOD AVE SW,TUMWATER,WA,98512,8499,(360)709-7000,6461.00000,346.57000,14.00000,13,City: Small,18.64000000,Regular Local,Open
5309150,WA-39002,Union Gap School District,Yakima County,3201 4th Street,UNION GAP,WA,98903,1894,(509)248-3966,577.00000,37.00000,1.00000,22,Suburb: Midsize,15.59000000,Regular Local,Open
5300320,WA-17904,University of Washington (17904),King County,1400 NE Campus Parkway,SEATTLE,WA,98195,,(206)543-2100,†,0.00000,0.00000,11,City: Large,†,Other,Open
5309180,WA-27083,University Place School District,Pierce County,3717 GRANDVIEW DR W,UNIVERSITY PLACE,WA,98466,2138,(253)566-5600,5619.00000,311.60000,8.00000,21,Suburb: Large,18.03000000,Regular Local,Open
5309240,WA-33070,Valley School District,Stevens County,3030 Huffman Road,Valley,WA,99181,,(509)937-2791,1079.00000,50.98000,4.00000,43,Rural: Remote,21.17000000,Regular Local,Open
5309270,WA-06037,Vancouver School District,Clark County,PO BOX 8937,VANCOUVER,WA,98661,5683,(360)313-1000,22003.00000,1282.71000,45.00000,12,City: Midsize,17.15000000,Regular Local,Open
5309300,WA-17402,Vashon Island School District,King County,P O Box 547,VASHON,WA,98070,0547,(206)463-8530,1539.00000,76.70000,5.00000,41,Rural: Fringe,20.07000000,Regular Local,Open
5309330,WA-35200,Wahkiakum School District,Wahkiakum County,PO BOX 398,CATHLAMET,WA,98612,0398,(360)795-3971,431.00000,25.99000,2.00000,42,Rural: Distant,16.58000000,Regular Local,Open
5309360,WA-13073,Wahluke School District,Grant County,PO BOX 907,MATTAWA,WA,99349,0952,(509)932-4565,2536.00000,150.81000,8.00000,41,Rural: Fringe,16.82000000,Regular Local,Open
5309390,WA-36401,Waitsburg School District,Walla Walla County,PO BOX 217,WAITSBURG,WA,99361,0217,(509)337-6301,300.00000,19.00000,3.00000,42,Rural: Distant,15.79000000,Regular Local,Open
5309450,WA-36140,Walla Walla Public Schools,Walla Walla County,364 S PARK ST,WALLA WALLA,WA,99362,3249,(509)526-6708,5599.00000,332.30000,17.00000,13,City: Small,16.85000000,Regular Local,Open
5309480,WA-39207,Wapato School District,Yakima County,212 W 3RD ST,WAPATO,WA,98951,1308,(509)877-4181,3195.00000,203.85000,11.00000,31,Town: Fringe,15.67000000,Regular Local,Open
5309510,WA-13146,Warden School District,Grant County,101 W BECK WAY,WARDEN,WA,98857,9401,(509)349-2366,902.00000,50.79000,3.00000,33,Town: Remote,17.76000000,Regular Local,Open
5300015,WA-34975,Washington Center for Deaf and Hard of Hearing Youth,Clark County,611 GRAND BLVD.,VANCOUVER,WA,98661,,(360)418-0401,107.00000,0.00000,1.00000,12,City: Midsize,†,Regular Local,Open
5300324,WA-34979,Washington Military Department,Kitsap County,1207 Carver Street,Bremerton,WA,98312,,(360)473-2602,144.00000,0.00000,1.00000,41,Rural: Fringe,†,Other,Open
5300317,WA-38905,Washington State University,Whitman County,WSU,Pullman,WA,99164,,(509)335-3564,†,0.00000,0.00000,32,Town: Distant,†,Other,Open
5309540,WA-06112,Washougal School District,Clark County,4855 Evergreen Way,WASHOUGAL,WA,98671,9176,(360)954-3000,2865.00000,161.72000,9.00000,21,Suburb: Large,17.72000000,Regular Local,Open
5309570,WA-01109,Washtucna School District,Adams County,730 East Booth Avenue,WASHTUCNA,WA,99371,0688,(509)646-3237,73.00000,11.00000,1.00000,43,Rural: Remote,6.64000000,Regular Local,Open
5309600,WA-09209,Waterville School District,Douglas County,PO BOX 490,WATERVILLE,WA,98858,0490,(509)745-8584,232.00000,20.01000,2.00000,42,Rural: Distant,11.59000000,Regular Local,Open
5309630,WA-33049,Wellpinit School District #49,Stevens County,PO BOX 390,WELLPINIT,WA,99040,9700,(509)258-4535,389.00000,34.29000,4.00000,42,Rural: Distant,11.34000000,Regular Local,Open
5309660,WA-04246,Wenatchee School District,Chelan County,235 Sunset Ave,WENATCHEE,WA,98801,1999,(509)663-8161,7347.00000,467.49000,19.00000,13,City: Small,15.72000000,Regular Local,Open
5309690,WA-32363,West Valley School District (Spokane),Spokane County,PO BOX 11739,SPOKANE,WA,99212,2245,(509)924-2150,3483.00000,190.31000,13.00000,12,City: Midsize,18.30000000,Regular Local,Open
5309720,WA-39208,West Valley School District (Yakima),Yakima County,8902 ZIER RD,YAKIMA,WA,98908,9240,(509)972-6000,5490.00000,279.42000,16.00000,13,City: Small,19.65000000,Regular Local,Open
5300319,WA-37906,Western Washington University,Whatcom County,516 High Street,Bellingham,WA,98225,,(360)650-3000,†,0.00000,0.00000,13,City: Small,†,Other,Open
5309750,WA-21303,White Pass School District,Lewis County,PO BOX 188,RANDLE,WA,98377,9208,(360)497-3791,347.00000,21.03000,2.00000,43,Rural: Remote,16.50000000,Regular Local,Open
5309780,WA-27416,White River School District,Pierce County,PO BOX 2050,BUCKLEY,WA,98321,2050,(360)829-0600,4408.00000,221.60000,10.00000,21,Suburb: Large,19.89000000,Regular Local,Open
5309810,WA-20405,White Salmon Valley School District,Klickitat County,PO BOX 157,WHITE SALMON,WA,98672,0157,(509)493-1500,1114.00000,66.41000,5.00000,41,Rural: Fringe,16.77000000,Regular Local,Open
5300349,WA-17917,Why Not You Academy,King County,22419 Pacific Highway South,Des Moines,WA,98198,,(253)339-8601,146.00000,11.10000,1.00000,21,Suburb: Large,13.15000000,Charter,Open
5309840,WA-22200,Wilbur School District,Lincoln County,PO BOX 1090,WILBUR,WA,99185,1090,(509)647-2221,217.00000,19.47000,2.00000,43,Rural: Remote,11.15000000,Regular Local,Open
5309870,WA-25160,Willapa Valley School District,Pacific County,PO BOX 128,MENLO,WA,98561,9998,(360)942-5855,344.00000,24.52000,2.00000,42,Rural: Distant,14.03000000,Regular Local,Open
5309900,WA-13167,Wilson Creek School District,Grant County,PO BOX 46,WILSON CREEK,WA,98860,0046,(509)345-2541,115.00000,14.25000,2.00000,43,Rural: Remote,8.07000000,Regular Local,Open
5309930,WA-21232,Winlock School District,Lewis County,PO BOX 128,WINLOCK,WA,98596,9417,(360)785-3582,858.00000,50.61000,4.00000,42,Rural: Distant,16.95000000,Regular Local,Open
5309990,WA-14117,Wishkah Valley School District,Grays Harbor County,4640 Wishkah Road,Aberdeen,WA,98520,9626,(360)532-3128,157.00000,14.38000,1.00000,42,Rural: Distant,10.92000000,Regular Local,Open
5310020,WA-20094,Wishram School District,Klickitat County,PO BOX 8,WISHRAM,WA,98673,0008,(509)748-2551,68.00000,9.00000,1.00000,42,Rural: Distant,7.56000000,Regular Local,Open
5310050,WA-08404,Woodland School District,Cowlitz County,800 3RD ST,WOODLAND,WA,98674,8467,(360)841-2700,2432.00000,140.86000,7.00000,32,Town: Distant,17.27000000,Regular Local,Open
5310110,WA-39007,Yakima School District,Yakima County,104 N 4TH AVE,YAKIMA,WA,98902,2636,(509)573-7000,15553.00000,920.77000,29.00000,13,City: Small,16.89000000,Regular Local,Open
5310140,WA-34002,Yelm School District,Thurston County,PO BOX 476,YELM,WA,98597,0476,(360)458-1900,5668.00000,322.70000,10.00000,41,Rural: Fringe,17.56000000,Regular Local,Open
5310170,WA-39205,Zillah School District,Yakima County,213 4TH AVE,ZILLAH,WA,98953,9533,(509)829-5911,1299.00000,75.45000,4.00000,32,Town: Distant,17.22000000,Regular Local,Open
